COMMUNITY_PAGE__C,ID,NAME,PAGE_CONTENT__C,WEBSTOREID__C,WEBSTOREID__R.NAME
Our_Mission__c,a1z7A000001SN7JQAW,Our Mission,"<img class=""c-banner__img"" src=""https://waltersurfacetechnologies--rundtc.sandbox.preview.salesforce-experience.com/us/webruntime/org-asset/d2adf48e24/resource/0817A000000RiNx/our-mission-banner.jpeg"" alt=""banner-image""></img>                  <div class=""c-banner__wrap container"">             <h3 class=""c-banner__wrap__heading"">About Us</h3>             <h2 class=""c-banner__wrap__heading-main"">Our Mission</h2>         </div>          <div class=""o-mission"">         <div class=""o-mission__content"">             <div class=""container o-mission__content__head"">                 <h3 class=""o-mission__content__heading"">                     Achieve Greatness                 </h3>             </div>             <div class=""row mb-5"">                 <div class=""col-6"">                     <img class=""o-mission__content__img"" src=""https://waltersurfacetechnologies--rundtc.sandbox.preview.salesforce-experience.com/us/webruntime/org-asset/d2adf4[…]A000000RiNx/mission_walter1.jpg""></img>                 </div>                 <div class=""col-6"">                     <div class=""o-mission__content__text-wrap"">                         <h3 class=""o-mission__content__text-wrap__heading"">                             Our Mission                         </h3>                         <ul class=""o-mission__content__text-wrap__list""><li class=""o-mission__content__list-item"">                                 To contribute to our customers&#39; success by helping them work better                             </li></ul>                     </div>                 </div>             </div>             <div class=""row mb-5"">                 <div class=""col-6"">                     <img class=""o-mission__content__img"" src=""https://waltersurfacetechnologies--rundtc.sandbox.preview.salesforce-experience.com/us/webruntime/org-asset/d2adf4[…]A000000RiNx/mission_walter1.jpg""></img>                 </div>                 <div class=""col-6"">                     <div class=""o-mission__content__text-wrap"">                         <h3 class=""o-mission__content__text-wrap__heading"">                             Our Pillars                         </h3>                         <ul class=""o-mission__content__text-wrap__list""><li class=""o-mission__content__list-item"">                                 PRODUCTIVITY                             </li><li class=""o-mission__content__list-item"">                                 SAFETY                             </li><li class=""o-mission__content__list-item"">                                 CUSTOMER EXPERIENCE                             </li></ul>                     </div>                 </div>             </div>             <div class=""row mb-5"">                 <div class=""col-6"">                     <img class=""o-mission__content__img"" src=""https://waltersurfacetechnologies--rundtc.sandbox.preview.salesforce-experience.com/us/webruntime/org-asset/d2adf4[…]A000000RiNx/mission_walter1.jpg""></img>                 </div>                 <div class=""col-6"">                     <div class=""o-mission__content__text-wrap"">                         <h3 class=""o-mission__content__text-wrap__heading"">                             Our Values                         </h3>                         <ul class=""o-mission__content__text-wrap__list""><li class=""o-mission__content__list-item"">                                 <span class=""o-mission__content__colored-text"">W</span>ALTER                             </li><li class=""o-mission__content__list-item"">                                 <span class=""o-mission__content__colored-text"">E</span>MPOWERMENT                             </li></ul>                         <ul class=""o-mission__content__text-wrap__list""><li class=""o-mission__content__list-item"">                                 <span class=""o-mission__content__colored-text"">C</span>USTOMER FOCUS                             </li><li class=""o-mission__content__list-item"">                                 <span class=""o-mission__content__colored-text"">A</span>CCOUNTABILITY                             </li><li class=""o-mission__content__list-item"">                                 <span class=""o-mission__content__colored-text"">R</span>ESULTS-DRIVEN                             </li><li class=""o-mission__content__list-item"">                                 <span class=""o-mission__content__colored-text"">E</span>XCELLENCE                             </li></ul>                     </div>                 </div>             </div>         </div>     </div>",0ZEO9000002S0ojOAC,Walter-EN_CA
History__c,a1z7A000001SN7OQAW,History,"<p style=""text-align: center;""><strong style=""font-size: 0.875em; color: rgb(255, 255, 255);"">ABOUT US</strong></p><p style=""text-align: center;""><br></p><h1 style=""text-align: center;"">HISTORY</h1><p style=""text-align: center;"">Discover Walter Surface Technologies&#39; Milestones</p><p style=""text-align: center;""><br></p><ul><li><a href=""https://www.walter.com/en_US/about-us/history#d50s"" target=""_blank"" style=""font-size: 0.875em; color: rgb(48, 48, 48);"">1950</a> <a href=""https://www.walter.com/en_US/about-us/history#d60s"" target=""_blank"" style=""font-size: 0.875em; color: rgb(48, 48, 48);"">1960</a> <a href=""https://www.walter.com/en_US/about-us/history#d70s"" target=""_blank"" style=""font-size: 0.875em; color: rgb(48, 48, 48);"">1970</a> <a href=""https://www.walter.com/en_US/about-us/history#d80s"" target=""_blank"" style=""font-size: 0.875em; color: rgb(48, 48, 48);"">1980</a> <a href=""https://www.walter.com/en_US/about-us/history#d90s"" target=""_blank"" style=""font-size: 0.875em; color: rgb(48, 48, 48);"">1990</a> <a href=""https://www.walter.com/en_US/about-us/history#d2000s"" target=""_blank"" style=""font-size: 0.875em; color: rgb(48, 48, 48);"">2000</a> <a href=""https://www.walter.com/en_US/about-us/history#d2010s"" target=""_blank"" style=""font-size: 0.875em; color: rgb(249, 161, 59);"">2010</a></li></ul><p style=""text-align: center;""><span style=""color: rgb(46, 55, 66);"">CHAPTER 01</span></p><h2 style=""text-align: center;""><strong>1950&#39;s</strong></h2><h3 style=""text-align: center;""><strong>1952</strong></h3><p style=""text-align: center;"">J. Walter Company founded</p><p style=""text-align: center;"">by Walter J. Somers in</p><p style=""text-align: center;"">Pointe-Claire (Quebec) Canada.</p><p style=""text-align: center;""><span style=""font-size: 14px; color: rgb(209, 209, 209);""><img src=""https://www.walter.com/documents/10182/0/histo-walter-j-somers.jpg/01ef3081-42b3-4b8e-ab9d-0f52f3228d09?t=1410870553167"" alt=""""></img></span></p><h3><strong>1956</strong></h3><p>First 4 1/2&quot; vertical grinder</p><p>introduced by J. Walter</p><p>Company.</p><p style=""text-align: right;""><span style=""font-size: 14px; color: rgb(209, 209, 209);""><img src=""https://www.walter.com/documents/10182/0/histo-1956-01.jpg/ff21e7e0-9537-44e5-8187-45abe9e3c7af?t=1410870544893"" alt=""""></img></span></p><p><span style=""font-size: 14px; color: rgb(209, 209, 209);""><img src=""https://www.walter.com/documents/10182/0/histo-1957-01.jpg/6e6f24cc-f0f1-49dc-9137-fb0cd8ac2aad?t=1410870545232"" alt=""""></img></span></p><h3><strong>1957</strong></h3><p>Introduction of the First</p><p>Jigsaw power tool.</p><h3 style=""text-align: center;""><strong>1959</strong></h3><p style=""text-align: center;"">Introduction of Walter Machinery (1959-1984).</p><p style=""text-align: center;"">Introduction of High Performance Power Tools and the first cold saw</p><p style=""text-align: center;"">(metal cutting circular saw).</p><p style=""text-align: center;""><span style=""font-size: 14px; color: rgb(209, 209, 209);""><img src=""https://www.walter.com/documents/10195/102456/1959_machinery.jpg/f94f5bcc-d3e6-404d-87d9-70c81e55d799?t=1411069180951"" alt=""1959 - Introduction of Walter Machinery for straightening, cutting and nibbling""></img></span></p><p style=""text-align: center;""><span style=""color: rgb(46, 55, 66);"">CHAPTER 02</span></p><h2 style=""text-align: center;""><strong>1960&#39;s</strong></h2><h3 style=""text-align: center;""><strong>1960</strong></h3><p style=""text-align: center;"">Launch of the Saw Blade Sharpening Service.</p><p style=""text-align: center;""><span style=""font-size: 14px; color: rgb(209, 209, 209);""><img src=""https://www.walter.com/documents/10195/102456/1960_saw_service.jpg/8da2e72f-5f6d-4c33-ac43-62da611969c5?t=1411069384827"" alt=""1960-saw service""></img></span></p><h3><strong>1962</strong></h3><p>First 7&quot; Angle Grinder</p><p>introduced to the market.</p><p style=""text-align: right;""><span style=""font-size: 14px; color: rgb(209, 209, 209);""><img src=""https://www.walter.com/documents/10182/0/histo-1962-01.jpg/6eb04e6e-ed06-45ff-96b0-ff1c5454415e?t=1410870545575"" alt=""""></img></span></p><p><span style=""font-size: 14px; color: rgb(209, 209, 209);""><img src=""https://www.walter.com/documents/10182/0/histo-1967-01.jpg/09adf875-839a-4020-9dc7-32fa5933a01b?t=1410870545975"" alt=""""></img></span></p><h3><strong>1967</strong></h3><p>First 4 <span style=""font-size: 9.6px;"">1/2&quot;</span> angle grinder</p><p>&quot;MINI-GRINDER&quot;.</p><p style=""text-align: center;""><span style=""color: rgb(46, 55, 66);"">CHAPTER 03</span></p><h2 style=""text-align: center;""><strong>1970&#39;s</strong></h2><h3 style=""text-align: center;""><strong>1973</strong></h3><p style=""text-align: center;"">Introduction of the first flexible grinding wheels followed</p><p style=""text-align: center;"">by other unique high performance abrasives.</p><p style=""text-align: center;""><span style=""font-size: 14px; color: rgb(209, 209, 209);""><img src=""https://www.walter.com/documents/10195/102456/1973_flexcut.jpg/20675b39-9ede-4027-945c-ca76e225ac8f?t=1411069422051"" alt=""1973- first flexcut wheel""></img></span></p><p style=""text-align: center;""><span style=""color: rgb(46, 55, 66);"">CHAPTER 04</span></p><h2 style=""text-align: center;""><strong>1980&#39;s</strong></h2><h3 style=""text-align: center;""><strong>1986</strong></h3><p style=""text-align: center;"">Introduction to Walter&#39;s market leading ZIPCUT/ ZIPWHEEL</p><p style=""text-align: center;"">high performance cutting wheel.</p><p style=""text-align: center;""><span style=""font-size: 14px; color: rgb(209, 209, 209);""><img src=""https://www.walter.com/documents/10195/102456/1988_zipcut.jpg/1b1e389e-42d2-4f65-8d58-bb0f1cc80101?t=1411069426077"" alt=""1986- first zip cut wheel""></img></span></p><h3 style=""text-align: center;""><strong>1987</strong></h3><p style=""text-align: center;"">Introduction of Walter’s popular Safety Seminars. Since its inception,</p><p style=""text-align: center;"">it has reached over 55,000 metal fabrication personnel in Canada.</p><p style=""text-align: center;""><span style=""font-size: 14px; color: rgb(209, 209, 209);""><img src=""https://www.walter.com/documents/10182/0/histo-1987-01.jpg/0c558ce3-5ef9-457a-af2d-8fc6e2ef3ee0?t=1410870546520"" alt=""""></img></span></p><h3 style=""text-align: center;""><strong>1989</strong></h3><p style=""text-align: center;"">Mr. Pierre Somers was appointed President</p><p style=""text-align: center;"">of the company in 1989.</p><p style=""text-align: center;""><span style=""font-size: 14px; color: rgb(209, 209, 209);""><img src=""https://www.walter.com/documents/10182/0/histo-pierre-somers.jpg/ed8512c2-e872-4e71-adfb-8fb972545126?t=1410870552749"" alt=""""></img></span></p><p style=""text-align: center;""><span style=""color: rgb(46, 55, 66);"">CHAPTER 05</span></p><h2 style=""text-align: center;""><strong>1990&#39;s</strong></h2><h3 style=""text-align: center;""><strong>1990</strong></h3><p style=""text-align: center;"">Start-up of U.S. operations,</p><p style=""text-align: center;"">with a base office in Windsor, Connecticut.</p><p style=""text-align: center;""><span style=""font-size: 14px; color: rgb(209, 209, 209);""><img src=""https://www.walter.com/documents/10182/0/histo-1990-01.jpg/47fe029c-c26b-46f1-9aa0-06b2a2957450?t=1410870547142"" alt=""""></img></span></p><h3 style=""text-align: center;""><strong>1996</strong></h3><p style=""text-align: center;"">Start-up of Brazilian operations in São Paulo</p><p style=""text-align: center;"">and the launch of the ENDURO-FLEX flap disc.</p><p style=""text-align: center;""><span style=""font-size: 14px; color: rgb(209, 209, 209);""><img src=""https://www.walter.com/documents/10182/0/histo-1996-01.jpg/fa3d634e-be5b-4309-bfa1-fef25427b2ba?t=1410870547687"" alt=""""></img></span></p><h3 style=""text-align: center;""><strong>1999</strong></h3><p style=""text-align: center;"">Establishment of German operations through Joint-Venture</p><p style=""text-align: center;"">with CB-Chemie und Biotechnologie.</p><ul><li style=""text-align: center;"">ISO 9001 certification of Canadian operations.</li><li style=""text-align: center;"">ISO 14 001 certification of German operations.</li></ul><p style=""text-align: center;""><span style=""font-size: 14px; color: rgb(209, 209, 209);""><img src=""https://www.walter.com/documents/10182/0/histo-1999-01.jpg/80037607-a44b-4103-9769-93fc1e340c75?t=1410870548170"" alt=""""></img></span></p><p style=""text-align: center;""><span style=""color: rgb(46, 55, 66);"">CHAPTER 06</span></p><h2 style=""text-align: center;""><strong>2000&#39;s</strong></h2><h3 style=""text-align: center;""><strong>2000</strong></h3><p style=""text-align: center;"">Start-up of operations in Mexico.</p><p style=""text-align: center;"">Acquisition and conversion of Swiss operations.</p><p style=""text-align: center;"">Launch of Surfox, a safer and faster alternative for weld cleaning.</p><p style=""text-align: center;""><span style=""font-size: 14px; color: rgb(209, 209, 209);""><img src=""https://www.walter.com/documents/10182/0/histo-2000-01.jpg/931820b4-67d6-499c-8fbd-5dce242cce48?t=1410870548731"" alt=""""></img></span></p><h3><strong>2001</strong></h3><p>Launch of Bio-Circle Parts</p><p>washing system using</p><p>bio-remediation.</p><p><span style=""font-size: 14px; color: rgb(209, 209, 209);""><img src=""https://www.walter.com/documents/10182/0/histo-2001-01.jpg/32d4d1c7-e338-4250-abe9-b82165360ea3?t=1410870549242"" alt=""""></img></span></p><h3><strong>2002</strong></h3><p>Celebration of 50th Anniversary</p><p>Walter J. Somers Chair at the</p><p>HEC Business School.</p><p>Bio-Circle certified by Environment.</p><p>Canada&#39;s Environmental Choice Program. -</p><p>Eco-Logo.</p><p style=""text-align: center;""><span style=""font-size: 14px; color: rgb(209, 209, 209);""><img src=""https://www.walter.com/documents/10182/0/histo-2002-01.jpg/a3005104-ac14-4c8a-ae50-770004917e0b?t=1410870549708"" alt=""""></img></span></p><h3 style=""text-align: center;""><strong>2006</strong></h3><p style=""text-align: center;"">Technology Innovation Award by the Wall Street Journal.</p><p style=""text-align: center;""><span style=""font-size: 14px; color: rgb(209, 209, 209);""><img src=""https://www.walter.com/documents/10182/0/histo-2006-01.jpg/0556747e-fda6-441a-9458-5248febbbc5d?t=1410870550257"" alt=""""></img></span></p><h3><strong>2008</strong></h3><p>ISO 14 001 certification</p><p>of Brazilian operations.</p><p>Bio-Circle L approved for the</p><p>NSF Non-food Compounds</p><p>Registration Program &amp; EPA</p><p>approval process started.</p><p style=""text-align: center;""><span style=""font-size: 14px; color: rgb(209, 209, 209);""><img src=""https://www.walter.com/documents/10182/0/histo-2008-01.jpg/8a356ffe-859b-4d7d-9829-ec37be16df65?t=1410870550766"" alt=""""></img></span></p><h3 style=""text-align: center;""><strong>2009</strong></h3><p style=""text-align: center;"">Launch of LEED® (Leadership in Energy and Environmental Design Green Building</p><p style=""text-align: center;"">Rating System) building project for New International Headquarters in Pointe-Claire,</p><p style=""text-align: center;"">Quebec Canada.</p><p style=""text-align: center;""><span style=""font-size: 14px; color: rgb(209, 209, 209);""><img src=""https://www.walter.com/documents/10182/0/histo-2009-01.jpg/c82bfa75-d2a2-4639-bc63-89d6c037df26?t=1410870551173"" alt=""""></img></span></p><p style=""text-align: center;""><span style=""color: rgb(46, 55, 66);"">CHAPTER 07</span></p><h2 style=""text-align: center;""><strong>2010&#39;s</strong></h2><h3 style=""text-align: center;""><strong>2012</strong></h3><p style=""text-align: center;"">Building officially completed and certified LEED GOLD, in recognition performance</p><p style=""text-align: center;"">in five key areas of human and environmental health: sustainable site development,</p><p style=""text-align: center;"">water efficiency, energy efficiency, materials selection, indoor environmental quality.</p><p style=""text-align: center;""><span style=""font-size: 14px; color: rgb(209, 209, 209);""><img src=""https://www.walter.com/documents/10195/102456/walter-building.jpg/9cfcc13c-fbba-4c24-bf1f-e6bb53598ac5?t=1538501560969"" alt=""""></img></span></p><h3 style=""text-align: center;""><strong>2013</strong></h3><p style=""text-align: center;"">Launch of ZIP-ONE, the thinnest cutting wheel on the market.</p><p style=""text-align: center;"">Launch of family of Nature Boost products (GS 200, CB 100 and Bio-Circle L Ultra).</p><p style=""text-align: center;"">Launch of the Clean-Box concept.</p><p style=""text-align: center;""><span style=""font-size: 14px; color: rgb(209, 209, 209);""><img src=""https://www.walter.com/documents/10195/102456/2013_zipone.jpg/5b5008ad-74e6-4a55-a855-84ee7e77633c?t=1411069429138"" alt=""2013 - zip one cutting wheel""></img></span></p><h3 style=""text-align: center;""><strong>2013</strong></h3><p style=""text-align: center;"">Walter inaugurates new state-of-the-art sustainable manufacturing facility for the Bio-Circle product line.</p><p style=""text-align: center;""><span style=""font-size: 14px; color: rgb(209, 209, 209);""><img src=""https://www.walter.com/documents/10195/102456/biocircle-building.jpg/eb53487d-6baf-49cd-ab22-36a03d6d0615?t=1538485846309"" alt=""2013 - zip one cutting wheel""></img></span></p><h3 style=""text-align: center;""><strong>2015</strong></h3><p style=""text-align: center;"">ZIPCUTTER is launched as Walter&#39;s first cordless grinder. It&#39;s power and long battery life raise the bar in portable grinding operations.</p><p style=""text-align: center;""><span style=""font-size: 14px; color: rgb(209, 209, 209);""><img src=""https://www.walter.com/documents/10195/102456/ZipCutter.jpg/a2ceaae1-67d7-41af-aea5-47c615642c8c?t=1538486763027"" alt=""2013 - zip one cutting wheel""></img></span></p><h3 style=""text-align: center;""><strong>2017</strong></h3><p style=""text-align: center;"">Walter eliminates the need for hazardous weld cleaning operations with the introduction of SURFOX - a family of highly engineered electrochemical weld cleaning and marking systems.</p><p style=""text-align: center;""><span style=""font-size: 14px; color: rgb(209, 209, 209);""><img src=""https://www.walter.com/documents/10195/102456/surfox-305.jpg/c205bf54-8129-4a64-a87d-af4d0ea6d86f?t=1538486926467"" alt=""2013 - zip one cutting wheel""></img></span></p><h3><strong>2018</strong></h3><p>ONCAP, the middle-market private equity platform of Onex Corporation, acquires a majority stake in Walter Surface Technologies in partnership with the existing management team.</p><p style=""text-align: center;""><span style=""font-size: 14px; color: rgb(209, 209, 209);""><img src=""https://www.walter.com/documents/10195/102456/oncap1.png/703c798a-728b-4fd9-9e8c-bdeec8ab1cd0?t=1539091340587"" alt=""""></img></span> </p><p><br></p>",0ZEO9000002S0ojOAC,Walter-EN_CA
Our_Pillars__c,a1z7A000001SN7TQAW,Our Pillars,"<p><strong style=""color: rgb(48, 48, 48); font-size: 18px;"">OUR PILLARS</strong></p><p><br></p><ul><li>PRODUCTIVITY</li><li>SAFETY</li><li>CUSTOMER EXPERIENCE</li></ul><p><br></p>",0ZEO9000002S0ojOAC,Walter-EN_CA
Sustainability__c,a1z7A000001SN7YQAW,Sustainability,"<h3>THE NEW GREEN IS ORANGE.</h3><p>At WALTER Surface Technologies, we strive to provide customers with the means to achieve greatness and to contribute to their success by helping them work better.</p><p>As the world grows more aware of health and environmental issues, conscious metalworking businesses aim to improve their processes and add new, cost-effective solutions that help minimize negative environmental &amp; social impact.</p><p>WALTER meets the challenge of sustainability with environmentally safe, productive, and long-lasting products that outperform the competition while being less harmful and helping reduce energy consumption and waste. We also implement and regularly monitor internal initiatives to ensure we work more safely, responsibly, and sustainably.</p><p>We are in the process of setting new priorities and targets as we approach sustainability through the three ESG pillars:</p><table class=""ql-table-blob"" border=""0"" style=""margin: 1.875em 0px; color: rgb(96, 96, 96); font-size: 16px;"" width=""100%""><tbody><tr><td align=""center"" colspan=""1"" rowspan=""2"" valign=""bottom"" style=""""><img alt=""ENVIRONMENT"" height=""50"" src=""https://www.walter.com/documents/34301/40585/Environment170.png/33b08402-043a-4e5f-92f0-1f2e2208694d?t=1678218999793"" width=""50"" style=""margin-bottom: 30px; width: 91.8576px;""></img></td><td align=""left"" colspan=""1"" rowspan=""1"" valign=""top"" style=""""><strong style=""font-weight: bold;"">ENVIRONMENT</strong></td></tr><tr><td align=""left"" colspan=""1"" rowspan=""1"" valign=""top"" style="""">We work on improving product design, reducing packaging and manufacturing waste, lowering GHG emissions and minimize long-term waste.</td></tr><tr><td align=""center"" colspan=""1"" rowspan=""2"" valign=""bottom"" style=""""><img alt=""SOCIAL"" height=""50"" src=""https://www.walter.com/documents/34301/40585/Social170.png/0f8526da-dca5-4560-92f5-935008e3e512?t=1678219141895"" width=""50"" style=""margin-bottom: 30px; width: 91.8576px;""></img></td><td align=""left"" colspan=""1"" rowspan=""1"" valign=""top"" style=""""><strong style=""font-weight: bold;"">SOCIAL</strong></td></tr><tr><td colspan=""1"" rowspan=""1"" valign=""top"" style="""">We seek to increase and ensure the health and safety of our employees, support women in the industry, and deliver safe products and free safety trainings to clients.</td></tr><tr><td align=""center"" colspan=""1"" rowspan=""2"" valign=""bottom"" style=""""><img alt=""GOVERNANCE"" height=""50"" src=""https://www.walter.com/documents/34301/40585/Governance170.png/b07be7de-a1a8-4dd3-99a8-f2129267ba61?t=1678219286347"" width=""50"" style=""margin-bottom: 30px; width: 91.8576px;""></img></td><td align=""left"" colspan=""1"" rowspan=""1"" valign=""top"" style=""""><strong style=""font-weight: bold;"">GOVERNANCE</strong></td></tr><tr><td colspan=""1"" rowspan=""1"" valign=""top"" style="""">We strive to establish a responsible and sustainable company culture through various governance initiatives that put an extra emphasis on business ethics.</td></tr></tbody></table><p><span style=""font-size: 16px; color: rgb(96, 96, 96);""> </span></p><h3><strong>E N V I R O N M E N T</strong></h3><h4><strong>PRODUCT DESIGN</strong></h4><p>We work to deliver sustainable products that meet customer needs and goals with the least amount of impact on the environment such as through low-VOC or VOC-free chemicals. Through our partnerships with distributors, we strive to provide them with the tools to capture both new and crossover opportunities with end users looking for greener solutions. We also looking to minimize packaging, make it reusable or find recyclable alternatives to reduce waste.</p><h4><strong>MANUFACTURING WASTE</strong></h4><p>We strive to reduce the amount of waste created during the manufacturing process. We ensure we minimize the use of hazardous materials by recycling resources and allocating them efficiently. For example, more than 80% of boxes received from our suppliers are re-used for shipments to customers.</p><h4><strong>REDUCING GHG EMISSIONS</strong></h4><p>We are initiating the collection of data on our SCOPE 1, 2 &amp; 3 emissions with the goal of developing and implementing initiatives that help us move towards decarbonization and the reduction of GHG emissions. We will focus on larger impact operations first, like for example, consolidating our inbound and outbound shipments to deliver products responsibly, reduce costs, and help our customers meet their emission reduction goals.</p><h4><strong>REDUCE WASTE VIA LIFECYCLE MANAGEMENT</strong></h4><p>We ensure that we expand product life as much as possible such as through our after-sales services. We also extend product life via design. For example, our SURFOX 305™ brushes can be trimmed to expose new bristles, just like our ENDURO-FLEX™ discs that can also be trimmed to expose more abrasive flaps. Launched in 2023, our ZIP™ XX cut-off wheels were also designed to self-sharpen thanks to our new SMART RESIN™ technology. Additionally, we offer after-sales repair services for many products such as our power tools, as well as resharpening services for our annular cutters.</p><p><span style=""font-size: 16px; color: rgb(96, 96, 96);""> </span></p><h3><strong>S O C I A L</strong></h3><h4><strong>ENSURING THE HEALTH AND SAFETY OF OUR EMPLOYEES</strong></h4><p>We are committed to preventing employee injury by actively tracking and analyzing incidents with the goal of preventing them completely. We track data such as number of injuries, frequency rate, impact on efficiency, and more, in order to deliver the safest environment. Maximizing safety has been a priority for WALTER for many years and we are constantly upholding and enhancing our very thorough and long-standing employee safety trainings.</p><h4><strong>CUSTOMER SAFETY</strong></h4><p>Not only do we focus on our employees’ safety but also that of our clients. We regularly improve our existing products as well as design new ones based on customer feedback and data on productivity and safety as well as based on NSF/CFIA approval requirements. This enables us to attract customers and meet their needs by embodying a sustainable mindset that meets their values. We also aim to innovate with the goal of offering highly effective solutions with less toxic or harmful chemicals, like our VOC-free cleaners. Moreover, WALTER has delivered free Safety Seminars to clients since 1987. The trainings are designed to inform clients on proper product use and handing and have reached well over 60,000 metalworkers since their inception. We will continue to help welding instructors by partnering with welding trade schools to support future welders by offering the right tools, training, scholarships &amp; resources.</p><h4><strong>SUPPORTING WOMEN</strong></h4><p>WALTER is breaking the glass ceiling with the goal of reaching parity in senior leadership. Through its advertising, social media initiatives, and literature, WALTER is also looking to give more visibility to women in welding and metalworking roles, encouraging women in the field.</p><p><span style=""font-size: 16px; color: rgb(96, 96, 96);""> </span></p><h3><strong>G O V E R N A N C E</strong></h3><h4><strong>BUSINESS ETHICS</strong></h4><p>We have many governance initiatives in place, such as our code of conduct and anti-bribery and corruption policy, which guide our culture of honesty, integrity, and accountability. We also ensure our employees commit to, represent, and embody our company values by ensuring they align with our many initiatives, goals, and procedures through trainings.</p><p><span style=""font-size: 16px; color: rgb(96, 96, 96);""> </span></p><h3><strong>A P P R O A C H</strong></h3><p>WALTER will align itself with SASB standards, a well-established standard approach and methodology, to track and report on ESG risks and opportunities, and measure efficiencies. By addressing our ESG priorities we are mitigating risks for our investors, delivering profit responsively, and ensuring a more sustainable long-term strategy.</p><p>WALTER Surface Technologies has been on the road towards sustainability for decades and has earned prestigious international awards throughout the years, including: The American Eagle Award, the Environmental Choice Program “Eco-Logo”, CleanTech’s Cleaning Technology Award, the Deutscher Material Effizienz Preiz, the NRW Effizienz Preiz and recognition by The Wall Street Journal’s Technology Innovation Awards, among many others.</p>",0ZEO9000002S0ojOAC,Walter-EN_CA
Management_Team__c,a1z7A000001SN7dQAG,Management Team,"<p style=""text-align: center;""><strong style=""color: rgb(255, 255, 255); font-size: 0.875em;"">ABOUT US</strong></p><p style=""text-align: center;""><br></p><h1 style=""text-align: center;"">MANAGEMENT TEAM</h1><p style=""text-align: center;""><br></p><h1> </h1><p><img src=""https://www.walter.com/documents/10195/1787302/ma-aube-2.jpg/978e487b-bac4-4d57-ae72-ae20a3d187c9?t=1485534981968""></img>  </p><h2><strong>MARC-ANDRÉ AUBÉ</strong></h2><p>President and Chief Executive Officer</p><p style=""text-align: center;""><br></p><p><img src=""https://www.walter.com/documents/34301/40585/Mark_Wilcox.jpg/0113daf7-5c9e-4f8c-b63f-8d762f211689?t=1655230441446""></img>  </p><h2><strong>MARK WILCOX</strong></h2><p>President - WALTER USA</p><p style=""text-align: center;""><br></p><p><img src=""https://www.walter.com/documents/10195/1787302/David-Wright.jpg/b7326f09-8a53-4767-a698-31a01baab3ee?t=1539112615157""></img>  </p><h2><strong>DAVID WRIGHT</strong></h2><p>Chief Financial Officer (CFO)</p><p style=""text-align: center;""><br></p><p><img src=""https://www.walter.com/documents/10195/1787302/d-mussel-.jpg/567f147b-5578-466c-b485-77852ed47d43?t=1498769131620""></img>  </p><h2><strong>DAIMON MUSSELL</strong></h2><p>Chief Sales Officer (CSO)</p><p style=""text-align: center;""><br></p><p><span style=""font-size: 16px; color: rgb(96, 96, 96);""><img src=""https://www.walter.com/documents/10195/1787302/Eliane_Ouimet.jpg/80cbdf91-f4b4-400d-b330-1d926efedb7a?t=1610142752073""></img> </span> </p><h2><strong>ELIANE OUIMET</strong></h2><p>Chief Innovation and Marketing Officer (CIMO)</p><p><br></p><p><br></p>",0ZEO9000002S0ojOAC,Walter-EN_CA
Automation__c,a1z7A000001SN7iQAG,Automation,"<div class=""automation"">                                           <img class=""automation__banner__img"" src=""https://waltersurfacetechnologies--rundtc.sandbox.my.site.com/us/webruntime/org-asset/a2470be046/resource/0817A000000RYpS/assets/images/banner1.jpg"" alt=""banner-image""></img>                          <div class=""automation__banner__wrap container"">                 <h3 class=""automation__banner__wrap__title"">Industry</h3>                 <h1 class=""automation__banner__wrap__heading"">Automation</h1>                 <h3 class=""automation__banner__wrap__heading-main"">Driving you to success with the best abrasives on the market!</h3>             </div>                  <div class=""container"">                              <h2 class=""automation__header__title"">Driving to your success</h2>                 <p class=""automation__header__descp"">At Walter Surface Technologies, we understand the need to produce high quality products and finishes. Whether you are a working on restoration or in an auto production line, Walter provides a wide range of products to satisfy your most demanding needs. With our anti-spatter solutions, thin cutting wheels, blending discs, degreasers and cleaners, and finishing products, Walter offers only the safest and best products for your automotive applications.</p>                          <h3 class=""automation__subtitle"">Related Products</h3>                              <div class=""row"">                     <div class=""col-sm-7"">                         <div class=""automation__content-w-image__img-wrapper"">                             <img class=""img-fluid"" src=""https://waltersurfacetechnologies--rundtc.sandbox.my.site.com/us/webruntime/org-asset/a2470be046/resource/0817A000000RiNx/Zip_Wheel.jpg"" alt=""""></img>                         </div>                     </div>                     <div class=""col-sm-5"">                         <div class=""automation__content-w-image__description"">                             <h2>1&quot; x 1&quot; 1/4&quot; Shank Dia SB-9 Cylindrical - End Cut Double Cut Carbide Burr - Made in the USA</h2>                             <p>The 1&quot; x 1&quot; 1/4&quot; Shank Dia SB-9 Cylindrical - End Cut Double Cut Carbide Burr - Made in the USA is recognized throughout industry as the ultimate performance cutting abrasive on the market. Heavily reinforced for safety, this cutting wheel is designed with a thin profile for the fastest and coolest cuts. It offers the most cuts per wheel in the industry, making the 1&quot; x 1&quot; 1/4&quot; Shank Dia SB-9 Cylindrical - End Cut Double Cut Carbide Burr - Made in the USA the preferred choice for most cutting applications.</p>                             <a class=""btn-primary"" target=""_blank"">More Info</a>                         </div>                     </div>                 </div>                                            <div class=""row"">                     <div class=""col-sm-7"">                         <div class=""automation__content-w-image__img-wrapper"">                             <img class=""img-fluid"" src=""https://waltersurfacetechnologies--rundtc.sandbox.my.site.com/us/webruntime/org-asset/a2470be046/resource/0817A000000RiNx/Coolcut_Flap_Discs.jpg"" alt=""""></img>                         </div>                     </div>                     <div class=""col-sm-5"">                         <div class=""automation__content-w-image__description"">                             <h2>&quot;C&quot; TTD JL 135SP HSS BLK&amp;BRZ-12/TUBE THN</h2>                             <p>These flap wheels are made of the highest industrial quality abrasive cloth and have an optimal number of flaps that are securely bonded and balanced around the hub for highest quality finishing. They are ideal for general purpose blending, shaping and deburring and will give a consistent and uniform grained satin finish in no time.</p>                             <a class=""btn-primary"" target=""_blank"">More Info</a>                         </div>                     </div>                 </div>                                            <div class=""row"">                     <div class=""col-sm-7"">                         <div class=""automation__content-w-image__img-wrapper"">                             <img class=""img-fluid"" src=""https://waltersurfacetechnologies--rundtc.sandbox.my.site.com/us/webruntime/org-asset/a2470be046/resource/0817A000000RiNx/E-WELD_Anti-Spatter.jpg"" alt=""""></img>                         </div>                     </div>                     <div class=""col-sm-5"">                         <div class=""automation__content-w-image__description"">                             <h2>AF / OMNI - BOTTLE</h2>                             <p>AF / OMNI - BOTTLE is a safe, natural solution that protects work pieces, welding equipment from weld spatter to keep you from having to perform time-consuming, costly rework</p>                             <a class=""btn-primary"" target=""_blank"">More Info</a>                         </div>                     </div>                 </div>                                            <div class=""row"">                     <div class=""col-sm-7"">                         <div class=""automation__content-w-image__img-wrapper"">                             <img class=""img-fluid"" src=""https://waltersurfacetechnologies--rundtc.sandbox.my.site.com/us/webruntime/org-asset/a2470be046/resource/0817A000000RiNx/biocircle.jpg"" alt=""""></img>                         </div>                     </div>                     <div class=""col-sm-5"">                         <div class=""automation__content-w-image__description"">                             <h2>Bio-Circle Solutions</h2>                             <p>Bio-Circle, a division of Walter Surface Technologies, is a global leader in environmentally-friendly solutions. Offering a variety of industrial parts cleaning solutions, systems and environmentally friendly cleaners and degreasers, our products are designed with safety and environmental sustainability in mind.</p>                             <p>Visit biocircle.com to browse through Walter&#39;s wide range of Bio-Circle solutions fit for the automotive industry, including FT 200 residue-free cleaner.</p>                             <a class=""btn-primary"" href=""http://biocircle.com/en-us/"" target=""_blank"">Biocircle.com</a>                         </div>                     </div>                 </div>                      </div>      </div>",0ZEO9000002S0ojOAC,Walter-EN_CA
Promotions__c,a1z7A000001SN7jQAG,Promotions,,0ZEO9000002S0ojOAC,Walter-EN_CA
Benefits__c,a1z7A000001SN7nQAG,Benefits,,0ZEO9000002S0ojOAC,Walter-EN_CA
FAQs__c,a1z7A000001SN7oQAG,FAQs,"<h3 style=""text-align: center;"">FAQ</h3><p style=""text-align: center;"">Find the answers for the most frequently asked questions below</p><h6><strong> A simple question?</strong></h6><p><strong><u>Absolutely!</u></strong> We work with top payment companies which guarantees your safety and security. All billing information is stored on our payment processing partner.</p><h6><strong>A question that is longer then the previous one?</strong></h6><p><strong><u>Yes, it is possible!</u></strong> You can cancel your subscription anytime in your account. Once the subscription is cancelled, you will not be charged next month.</p><h6><strong> A simple question?</strong></h6><p>Currently, we only offer monthly subscription. You can upgrade or cancel your monthly account at any time with no further obligation.</p><h6><strong> A simple question?</strong></h6><p>Yes. Go to the billing section of your dashboard and update your payment information.</p><h6><strong> A simple question?</strong></h6><p><strong><u>Unfortunately no</u>.</strong> We do not issue full or partial refunds for any reason.</p><h6><strong>Another question that is longer than usual</strong></h6><p>Of course! We’re happy to offer a free plan to anyone who wants to try our service.</p>",0ZEO9000002S0ojOAC,Walter-EN_CA
Hiring_Process__c,a1z7A000001SN7pQAG,Hiring Process,,0ZEO9000002S0ojOAC,Walter-EN_CA
Apps__c,a1z7A000001SN7sQAG,Apps,"<img class=""c-banner__img"" src=""https://waltersurfacetechnologies--rundtc.sandbox.my.site.com/us/webruntime/org-asset/e1cc403c3e/resource/0817A000000RYpS/assets/images/banner1.jpg"" alt=""banner-image""></img><div class=""c-banner__wrap container""><h3 class=""c-banner__wrap__heading"">In The Know</h3><h2 class=""c-banner__wrap__heading-main"">Walter Apps</h2></div><div class=""c-apps""><div class=""container""><div class=""c-apps__content""><div class=""row align-items-center""><div class=""col-12 col-lg-8""><div class=""c-apps__text-holder""><h3 class=""c-apps__text-holder__heading"">THE WALTER ABRASIVES SELECTOR APP</h3><p class=""c-apps__text-holder__descrip"">The Walter Abrasives Selector app is designed to help metalworking professionals select the right product for the right application. A user-friendly interface allows you to easily determine which Walter product is best suited for your needs, and the app possesses numerous downloadable features such as data sheets, technical videos and spec information – so you can carry the knowledge wherever you go.</p><p class=""c-apps__text-holder__descrip"">Use the Walter Abrasives Selector app to learn more about Walter abrasives and products!</p></div></div><div class=""col-6 col-lg-2""><div class=""c-apps__img-holder""><img class=""c-apps__img"" src=""https://waltersurfacetechnologies--rundtc.sandbox.my.site.com/us/webruntime/org-asset/e1cc403c3e/resource/0817A000000RiNx/Walter_Abrasive_Selector_App_small.jpg""></img></div></div><div class=""col-6 col-lg-2""><div class=""c-apps__link-holder""><p class=""c-apps__link-holder__text"">Download the App now!</p><a class=""c-apps__link-holder__link"" href=""#"">For Apple</a><a class=""c-apps__link-holder__link"" href=""#"">For Android</a></div></div></div></div></div><div class=""c-apps__content""><div class=""row align-items-center""><div class=""col-12 col-lg-8""><div class=""c-apps__text-holder""><h3 class=""c-apps__text-holder__heading"">THE WALTER SAFETY APP</h3><p class=""c-apps__text-holder__descrip"">The Walter Safety app has been designed to provide metalworkers around the globe with an easy way to access essential Safety information when they are working on factory floors, job sites, etc. With Walter&#39;s continuous focus on safety at work, this application is a natural extension of the Mechanical Safety Seminar provided by the Walter sales team across our markets.</p></div></div><div class=""col-6 col-lg-2""><div class=""c-apps__img-holder""><img class=""c-apps__img"" src=""https://waltersurfacetechnologies--rundtc.sandbox.my.site.com/us/webruntime/org-asset/e1cc403c3e/resource/0817A000000RiNx/safety.jpg""></img></div></div><div class=""col-6 col-lg-2""><div class=""c-apps__link-holder""><p class=""c-apps__link-holder__text"">Download the App now!</p><a class=""c-apps__link-holder__link"" href=""#"">For Apple</a><a class=""c-apps__link-holder__link"" href=""#"">For Android</a></div></div></div></div></div><div class=""c-apps__content""><div class=""row align-items-center""><div class=""col-12 col-lg-8""><div class=""c-apps__text-holder""><h3 class=""c-apps__text-holder__heading"">THE BIO-CIRCLE CLEANER SELECTOR APP</h3><p class=""c-apps__text-holder__descrip"">The Bio-Circle Cleaner Selector app is designed to help workers in MRO environments quickly and easily select the right product for the application at hand. At Walter Surface Technologies, our mission is to contribute to our customer’s success by helping them work better. The day of working with toxic solvents is over - welcome to a new generation of industrial cleaning!</p><p class=""c-apps__text-holder__descrip"">Forward-looking companies are choosing Bio-Circle because of the product line&#39;s proven ability to cut through the harshest contaminants, while ensuring the health and safety of the worker and the sustainability of the environment.</p></div></div><div class=""col-6 col-lg-2""><div class=""c-apps__img-holder""><img class=""c-apps__img"" src=""https://waltersurfacetechnologies--rundtc.sandbox.my.site.com/us/webruntime/org-asset/e1cc403c3e/resource/0817A000000RiNx/bc_app.jpg""></img></div></div><div class=""col-6 col-lg-2""><div class=""c-apps__link-holder""><p class=""c-apps__link-holder__text"">Download the App now!</p><a class=""c-apps__link-holder__link"" href=""#"">For Apple</a><a class=""c-apps__link-holder__link"" href=""#"">For Android</a></div></div></div></div>",0ZEO9000002S0ojOAC,Walter-EN_CA
Videos__c,a1z7A000001SN7xQAG,Videos,"<img class=""c-banner__img"" src=""https://waltersurfacetechnologies--rundtc.sandbox.my.site.com/us/webruntime/org-asset/7ccd911b51/resource/0817A000000RYpS/assets/images/banner1.jpg"" alt=""banner-image""></img><div class=""c-banner__wrap container""><h3 class=""c-banner__wrap__heading"">Videos</h3><h2 class=""c-banner__wrap__heading-main"">The Walter Network</h2></div><div class=""c-video""><div class=""container""><div class=""row justify-content-center""><div class=""col-12 col-xl-10""><div class=""row""><div class=""col-12""><div class=""c-video__grid mb-4""><div class=""c-video__grid__items""><div class=""c-video__grid__item""><div class=""c-video__grid__frameBorder""><div class=""c-video__grid__frame""></div></div>ICECUT 200 by WALTER</div><div class=""c-video__grid__item""><div class=""c-video__grid__frameBorder""><div class=""c-video__grid__frame""></div></div>ENDURO-FLEX by WALTER</div><div class=""c-video__grid__item""><div class=""c-video__grid__frameBorder""><div class=""c-video__grid__frame""></div></div>XTRACUT by WALTER</div><div class=""c-video__grid__item""><div class=""c-video__grid__frameBorder""><div class=""c-video__grid__frame""></div></div>CB 100 by WALTER USA</div><div class=""c-video__grid__item""><div class=""c-video__grid__frameBorder""><div class=""c-video__grid__frame""></div></div>Mounted Brushes by WALTER</div><div class=""c-video__grid__item""><div class=""c-video__grid__frameBorder""><div class=""c-video__grid__frame""></div></div>Walter Academy - How to Properly Install and Use E-WELD Nozzle</div><div class=""c-video__grid__item""><div class=""c-video__grid__frameBorder""><div class=""c-video__grid__frame""></div></div>Sales, Marketing, and Sales Support</div><div class=""c-video__grid__item""><div class=""c-video__grid__frameBorder""><div class=""c-video__grid__frame""></div></div>Operations and Logistic</div><div class=""c-video__grid__item""><div class=""c-video__grid__frameBorder""><div class=""c-video__grid__frame""></div></div>Finance and Accounting</div></div></div></div></div></div></div></div></div>",0ZEO9000002S0ojOAC,Walter-EN_CA
